Workbook

Sheet Dashboard
A1: LAST LIGHT — Architecture & 48-Hour Production Control
A3: Senior game-development planning sheet derived from DECISIONS.md, ROADMAP.md, TASKS.md and the production-plan PDF.
A5: Control | B5: Value | D5: Tasks Done | F5: Completion | H5: Planned Hours | J5: Remaining Hours
A6: Elapsed jam hours | B6: 0 | D6: =COUNTIF(Backlog!$H$2:$H$25,"Done")&" / "&COUNTA(Backlog!$A$2:$A$25) -> 0 / 24 | F6: =IFERROR(COUNTIF(Backlog!$H$2:$H$25,"Done")/COUNTA(Backlog!$A$2:$A$25),0) -> 0 | H6: =SUM(Backlog!$F$2:$F$25) -> 45.5 | J6: =SUMIFS(Backlog!$F$2:$F$25,Backlog!$H$2:$H$25,"<>Done") -> 45.5
A7: Current gate | B7: =IF(B6<8,"G1",IF(B6<16,"G2",IF(B6<28,"G3",IF(B6<32,"G4",IF(B6<38,"G5","G6"))))) -> G1
A8: Feature freeze | B8: =IF(B6>=38,"ACTIVE — blocker/build/readability only","Not active") -> Not active
A9: Build target | B9: Android (pending jam-rule confirmation)
A11: Product Snapshot | B11: Value | C11: Source | E11: Task Status | F11: Count | H11: Epic | I11: Planned h | J11: Done h
A12: Engine / structure | B12: Unity 2D, portrait auto-runner | C12: TASKS / PDF | E12: Backlog | F12: =COUNTIF(Backlog!$H$2:$H$25,E12) -> 23 | H12: E1 Core Controller | I12: =SUMIF(Backlog!$C$2:$C$25,H12,Backlog!$F$2:$F$25) -> 3 | J12: =SUMIFS(Backlog!$F$2:$F$25,Backlog!$C$2:$C$25,H12,Backlog!$H$2:$H$25,"Done") -> 0
A13: Control | B13: One-finger horizontal drag | C13: Locked | E13: Ready | F13: =COUNTIF(Backlog!$H$2:$H$25,E13) -> 1 | H13: E2 Survival Loop | I13: =SUMIF(Backlog!$C$2:$C$25,H13,Backlog!$F$2:$F$25) -> 3.5 | J13: =SUMIFS(Backlog!$F$2:$F$25,Backlog!$C$2:$C$25,H13,Backlog!$H$2:$H$25,"Done") -> 0
A14: Run | B14: Six fixed stages, 3–5 minutes | C14: Locked | E14: In Progress | F14: =COUNTIF(Backlog!$H$2:$H$25,E14) -> 0 | H14: E3 Obstacle Framework | I14: =SUMIF(Backlog!$C$2:$C$25,H14,Backlog!$F$2:$F$25) -> 4 | J14: =SUMIFS(Backlog!$F$2:$F$25,Backlog!$C$2:$C$25,H14,Backlog!$H$2:$H$25,"Done") -> 0
A15: Resources | B15: Health and relic light are separate | C15: Locked | E15: Review/Test | F15: =COUNTIF(Backlog!$H$2:$H$25,E15) -> 0 | H15: E4 Level Flow | I15: =SUMIF(Backlog!$C$2:$C$25,H15,Backlog!$F$2:$F$25) -> 6 | J15: =SUMIFS(Backlog!$F$2:$F$25,Backlog!$C$2:$C$25,H15,Backlog!$H$2:$H$25,"Done") -> 0
A16: Choice | B16: Two physical offers at stage end | C16: LL-010 | E16: Done | F16: =COUNTIF(Backlog!$H$2:$H$25,E16) -> 0 | H16: E5 Choice & Cost | I16: =SUMIF(Backlog!$C$2:$C$25,H16,Backlog!$F$2:$F$25) -> 5.5 | J16: =SUMIFS(Backlog!$F$2:$F$25,Backlog!$C$2:$C$25,H16,Backlog!$H$2:$H$25,"Done") -> 0
A17: Task estimate | B17: 45.5 | C17: TASKS total | H17: E6 Relic & Endings | I17: =SUMIF(Backlog!$C$2:$C$25,H17,Backlog!$F$2:$F$25) -> 3 | J17: =SUMIFS(Backlog!$F$2:$F$25,Backlog!$C$2:$C$25,H17,Backlog!$H$2:$H$25,"Done") -> 0
A18: Nominal buffer | B18: =48-B17 -> 2.5 | C18: Derived | H18: E7 UX/UI | I18: =SUMIF(Backlog!$C$2:$C$25,H18,Backlog!$F$2:$F$25) -> 4 | J18: =SUMIFS(Backlog!$F$2:$F$25,Backlog!$C$2:$C$25,H18,Backlog!$H$2:$H$25,"Done") -> 0
H19: E8 Art/Audio Polish | I19: =SUMIF(Backlog!$C$2:$C$25,H19,Backlog!$F$2:$F$25) -> 5.5 | J19: =SUMIFS(Backlog!$F$2:$F$25,Backlog!$C$2:$C$25,H19,Backlog!$H$2:$H$25,"Done") -> 0
H20: E9 QA & Submission | I20: =SUMIF(Backlog!$C$2:$C$25,H20,Backlog!$F$2:$F$25) -> 11 | J20: =SUMIFS(Backlog!$F$2:$F$25,Backlog!$C$2:$C$25,H20,Backlog!$H$2:$H$25,"Done") -> 0
A21: Gate | B21: Name | C21: Target h | D21: Progress | E21: Status | F21: PM Rule | H21: Senior-dev callout The 24 tasks total 45.5 estimated hours, leaving only 2.5 nominal hours inside a 48-hour event. G1 alone totals 10.5 hours against an 8-hour gate, so the proposed plan assumes parallel work between the developer and Claude Code. Protect integration time; cut Should work before compressing QA.
A22: G1 | B22: Core playable | C22: 8 | D22: =Milestones!I2 -> 0 | E22: =Milestones!J2 -> Not Started | F22: Proceed only when restart is stable.
A23: G2 | B23: Theme playable | C23: 16 | D23: =Milestones!I3 -> 0 | E23: =Milestones!J3 -> Not Started | F23: Vertical slice must validate the theme.
A24: G3 | B24: End-to-end | C24: 28 | D24: =Milestones!I4 -> 0 | E24: =Milestones!J4 -> Not Started | F24: Cut optional systems if this gate slips.
A25: G4 | B25: Mobile usable | C25: 32 | D25: =Milestones!I5 -> 0 | E25: =Milestones!J5 -> Not Started | F25: Blocking mobile gate.
A26: G5 | B26: Content complete | C26: 38 | D26: =Milestones!I6 -> 0 | E26: =Milestones!J6 -> Not Started | F26: Start feature freeze after this gate.
A27: G6 | B27: Submission ready | C27: 48 | D27: =Milestones!I7 -> 0 | E27: =Milestones!J7 -> Not Started | F27: Ship stable over ambitious.

Sheet Architecture
A1: Technical Architecture — Minimal, Data-Driven Unity 2D
A3: Architecture is intentionally small for a 48-hour build: one gameplay scene, prefabs for stage chunks, ScriptableObjects for static content, and a run-scoped state object for mutable data. Proposed items are marked for confirmation.
A5: 1. Input InputReader | D5: 2. Player Motor + Health | G5: 3. Stage Flow StageDirector | J5: 4. Choice ChoiceGate | M5: 5. Cost / State CostApplier + RunState | P5: 6. Outcome EndingResolver
A8: UI presenters subscribe to C# events. ScriptableObjects hold immutable configuration. RunState owns health, light, stage index and applied modifiers. Restart rebuilds RunState and calls reset hooks; never mutate ScriptableObject assets at runtime.
A11: Layer | B11: Component / Script | C11: Unity Type | D11: Responsibility | E11: Owns / Reads Data | F11: Public Contract | G11: Depends On | H11: Reset / Lifecycle | I11: MVP Rule | K11: Architecture Decision | L11: Choice | M11: Why | N11: Status | O11: Owner | P11: Review Gate | Q11: Failure Mode | R11: Fallback
A12: Composition | B12: GameBootstrap | C12: MonoBehaviour | D12: Wires scene references and starts a new run. | E12: BuildConfig, StageCatalog | F12: StartRun(), RestartRun() | G12: RunController, StageDirector, UI | H12: Exists once in gameplay scene | I12: No DI framework or service locator. | K12: Scene strategy | L12: One gameplay scene; six stage prefabs activated sequentially | M12: Fast iteration and reliable restart | N12: Proposed | O12: Developer | P12: G1 | Q12: Scene-load race / soft lock | R12: Use additive scenes only if prefab approach fails
A13: Run | B13: RunController | C13: MonoBehaviour | D13: Authoritative run state machine: Start → Playing → Choosing → Ending → Restarting. | E13: RunState | F13: BeginStage(), CompleteStage(), EndRun(), Restart() | G13: StageDirector, ChoiceGate, EndingResolver | H13: Creates fresh RunState on restart | I13: Only class allowed to change run phase. | K13: Static vs runtime data | L13: ScriptableObjects are immutable config; RunState is mutable | M13: Prevents state leaking across restarts | N13: Proposed | O13: Developer | P13: G2 | Q13: Asset values persist in editor | R13: Recreate runtime copies on BeginRun
A14: Run | B14: RunState | C14: Plain serializable class | D14: Mutable run-scoped data container. | E14: Health, light, stage index, modifier stack, chosen costs | F14: Read-only properties + narrow mutation methods | G14: PlayerHealth, RelicLight, CostApplier | H14: New instance each run | I14: Never store runtime values in ScriptableObjects. | K14: Communication | L14: Direct references for commands; C# events for presentation | M14: Explicit dependencies without framework overhead | N14: Proposed | O14: Developer | P14: G1 | Q14: Event leaks after restart | R14: Bind/unbind in OnEnable/OnDisable
A15: Input | B15: InputReader | C15: MonoBehaviour | D15: Normalizes touch and mouse drag into horizontal intent. | E15: Pointer delta / screen position | F15: event OnDrag(float normalizedX) | G15: PlayerMotor | H15: Disable during choice/end screens | I15: One input path; no joystick/inertia. | K15: Reset contract | L15: RunController creates RunState and calls IResettable.ResetRun | M15: Makes restart testable and centralized | N15: Proposed | O15: Developer | P15: G1 | Q15: One component retains stale state | R15: Automated reset checklist + 10-restart soak
A16: Player | B16: PlayerMotor | C16: MonoBehaviour | D16: Moves player horizontally inside playable bounds. | E16: Base speed + movement modifiers | F16: SetInput(), ApplyMovementModifier() | G16: InputReader, RunState | H16: Reset position and cached input | I16: Auto-forward movement remains stage-driven. | K16: Obstacle architecture | L16: Shared ObstacleBase + composition, not inheritance tree | M16: Two obstacles do not justify abstraction cost | N16: Proposed | O16: Claude Code | P16: G1 | Q16: Duplicated collision logic | R16: Extract only collision/damage behavior
A17: Player | B17: PlayerHealth | C17: MonoBehaviour | D17: Applies damage, invulnerability and death signal. | E17: Current/max health, invulnerability timer | F17: ApplyDamage(int), event HealthChanged, event Died | G17: ObstacleBase, RunController | H17: Restore health and timer | I17: Start health 3; i-frames 0.8–1.0 s. | K17: Content architecture | L17: Fixed StageDefinition catalog | M17: Matches locked six-stage scope | N17: Proposed | O17: Developer | P17: G2 | Q17: Design requires runtime variation | R17: Use parameters, not procedural generation
A18: Obstacles | B18: ObstacleBase | C18: MonoBehaviour / prefab base | D18: Common collision, one-hit-per-valid-contact and reset contract. | E18: Damage value, active state | F18: OnPlayerContact(), ResetObstacle() | G18: PlayerHealth | H18: Reset on stage/restart | I18: No deep inheritance; shared component + config. | K18: Modifier application | L18: Central ModifierStack with hard caps | M18: Avoids impossible cost combinations | N18: Proposed | O18: Claude Code | P18: G2 | Q18: Scattered multipliers create unfair states | R18: Route every effect through CostApplier
A19: Obstacles | B19: SpikeWall | C19: Prefab component | D19: Readable configurable safe corridor. | E19: Gap position/width | F19: Configure(SpikeWallConfig) | G19: ObstacleBase, StageDefinition | H19: Reinitialize per stage | I19: MVP obstacle 1. | K19: UI architecture | L19: Passive presenters only | M19: Keeps game rules out of HUD/cards | N19: Proposed | O19: Developer | P19: G3 | Q19: UI directly mutates state | R19: Expose commands on RunController/ChoiceGate
A20: Obstacles | B20: MovingBlade | C20: Prefab component | D20: Horizontal blade movement with speed and phase. | E20: Amplitude, speed, phase | F20: Configure(BladeConfig) | G20: ObstacleBase, StageDefinition | H20: Reset phase on restart | I20: MVP obstacle 2. | K20: Performance | L20: No pooling unless profiling proves need | M20: Six short fixed stages and two obstacle types | N20: Proposed | O20: Developer | P20: G4 | Q20: Instantiation hitch on device | R20: Pre-instantiate six chunks disabled
A21: Content | B21: StageDefinition | C21: ScriptableObject | D21: Static stage chunk config and prefab reference. | E21: Stage ID, prefab, duration, obstacle configs, choice flag | F21: Immutable config fields | G21: StageDirector | H21: Asset lifetime | I21: Six fixed entries only; no procedural generation.
A22: Flow | B22: StageDirector | C22: MonoBehaviour | D22: Loads/activates fixed stage chunks, advances once, prevents soft locks. | E22: StageCatalog, current chunk | F22: StartStage(index), CompleteCurrentStage(), event StageChanged | G22: RunController, StageDefinition | H22: Unload/deactivate chunk on transition | I22: Single gameplay scene; stage prefabs as children.
A23: Choice | B23: CostData | C23: ScriptableObject | D23: Data for one offer: icon, copy, benefit, cost/risk type and value. | E23: Immutable offer content | F23: CostType, Value, Benefit ID | G23: ChoiceGate, CostApplier, DecisionCard | H23: Asset lifetime | I23: Stable public API; no scene logic.
A24: Choice | B24: ChoiceGate | C24: MonoBehaviour | D24: Presents two physical altars; commits exactly one selection once. | E24: Two CostData offers, selection lock | F24: event CostChosen(CostData) | G24: RunController, CostApplier | H24: Clear selection lock each stage | I24: No confirmation button.
A25: Choice | B25: CostApplier | C25: Plain service / component | D25: Applies bounded permanent run modifiers. | E25: RunState modifier stack | F25: Apply(CostData), ValidateCaps() | G25: CostData, RunState | H25: State removed by new RunState | I25: Blood / Light / Sight / Body only.
A26: Choice | B26: ModifierStack | C26: Plain class | D26: Centralizes cumulative modifiers and clamps fairness limits. | E26: Movement, body scale, sight, max health/light impacts | F26: GetEffectiveStats(), AddModifier() | G26: CostApplier, PlayerMotor, presentation | H26: New per run | I26: One source of truth; no scattered multipliers.
A27: Resource | B27: RelicLight | C27: MonoBehaviour presenter/service | D27: Tracks 0–100 light separately from health and raises changes. | E27: RunState.light | F27: ChangeLight(), event LightChanged | G27: CostApplier, HUD, EndingResolver | H27: Reset to 100 | I27: May reach 0; clamp 0–100.
A28: Ending | B28: EndingResolver | C28: Plain service | D28: Maps final light thresholds to at least two outcomes. | E28: EndingDefinition list, RunState.light | F28: Resolve(light) | G28: RunController, OutcomeScreen | H28: Stateless | I28: Target 3 endings; minimum 2 after G3.
A29: UI | B29: HUDPresenter | C29: MonoBehaviour | D29: Displays health, stage and light; contains no game logic. | E29: Events from health/light/stage | F29: Bind()/Unbind() | G29: PlayerHealth, RelicLight, StageDirector | H29: Refresh on run start | I29: Safe-area aware.
A30: UI | B30: Screen Presenters | C30: MonoBehaviours | D30: Start hint, decision cards and outcome/Retry. | E30: View models only | F30: Show()/Hide()/SetData() | G30: RunController, ChoiceGate, EndingResolver | H30: Clear transient UI on restart | I30: Short icon-heavy English copy.
A31: Feedback | B31: FeedbackController | C31: MonoBehaviour | D31: Essential SFX, impact flash and stage transition feedback. | E31: Audio clips / simple VFX refs | F31: PlayDamage(), PlayChoice(), PlayTransition() | G31: Gameplay events | H31: Stop/clear on restart | I31: Music optional; shadow must read muted.
A32: Build | B32: BuildConfig | C32: ScriptableObject / project settings | D32: Defines portrait target, safe area and primary platform. | E32: Platform, orientation, reference aspect | F32: Read-only configuration | G32: GameBootstrap, UI | H32: Asset lifetime | I32: Android default; WebGL only if rules require.
K36: DO NOT BUILD
K37: Combat • procedural generation • inventory • dialogue trees • character classes • online features • complex meta-progression • any feature that delays the critical path

Sheet Backlog
A1: ID | B1: Title | C1: Epic | D1: Priority | E1: Gate | F1: Est. h | G1: Dependencies | H1: Status | I1: Owner | J1: Planned Start h | K1: Planned End h | L1: Actual h | M1: % Complete | N1: Dependency State | O1: Blocker | P1: Acceptance Criteria | Q1: Implementation Note | R1: Test Result | S1: Changed Files | T1: Last Update | U1: Critical Path
A2: LL-001 | B2: Create portrait project baseline and Pixel Perfect camera | C2: E1 Core Controller | D2: Must | E2: G1 | F2: 1 | G2: None | H2: Ready | I2: Developer | J2: 0 | K2: 1 | M2: =IF(H2="Done",1,IF(H2="Review/Test",0.85,IF(H2="In Progress",0.5,0))) -> 0 | N2: ="Ready" -> Ready | P2: Scene runs at 9:16 reference resolution with correct camera framing and no Console errors. | Q2: Critical path | R2: Not Run | U2: Yes
A3: LL-002 | B3: Implement touch and mouse horizontal drag movement | C3: E1 Core Controller | D3: Must | E3: G1 | F3: 2 | G3: LL-001 | H3: Backlog | I3: Developer | J3: 1 | K3: 3 | M3: =IF(H3="Done",1,IF(H3="Review/Test",0.85,IF(H3="In Progress",0.5,0))) -> 0 | N3: {=IF(AND(INDEX($H$2:$H$25,MATCH("LL-001",$A$2:$A$25,0))="Done"),"Ready","Waiting on tasks")} -> Waiting on tasks | P3: A first-time player can move left and right within 10 seconds using mouse or one finger. | Q3: No inertia or joystick | R3: Not Run | U3: Yes
A4: LL-003 | B4: Implement health, damage and invulnerability | C4: E2 Survival Loop | D4: Must | E4: G1 | F4: 2 | G4: LL-002 | H4: Backlog | I4: Developer | J4: 3 | K4: 5 | M4: =IF(H4="Done",1,IF(H4="Review/Test",0.85,IF(H4="In Progress",0.5,0))) -> 0 | N4: {=IF(AND(INDEX($H$2:$H$25,MATCH("LL-002",$A$2:$A$25,0))="Done"),"Ready","Waiting on tasks")} -> Waiting on tasks | P4: Obstacle contact removes one health and repeated contact is blocked for 0.8-1.0 seconds. | Q4: Start health 3 | R4: Not Run | U4: Yes
A5: LL-004 | B5: Implement death and fast restart | C5: E2 Survival Loop | D5: Must | E5: G1 | F5: 1.5 | G5: LL-003 | H5: Backlog | I5: Developer | J5: 5 | K5: 6.5 | M5: =IF(H5="Done",1,IF(H5="Review/Test",0.85,IF(H5="In Progress",0.5,0))) -> 0 | N5: =IF(AND(INDEX($H$2:$H$25,MATCH("LL-003",$A$2:$A$25,0))="Done"),"Ready","Waiting on tasks") -> Waiting on tasks | P5: At zero health the run ends and a new run begins within five seconds with all state reset. | Q5: Protected core | R5: Not Run | U5: Yes
A6: LL-005 | B6: Build reusable obstacle base and collision setup | C6: E3 Obstacle Framework | D6: Must | E6: G1 | F6: 1.5 | G6: LL-003 | H6: Backlog | I6: Claude Code | J6: 5 | K6: 6.5 | M6: =IF(H6="Done",1,IF(H6="Review/Test",0.85,IF(H6="In Progress",0.5,0))) -> 0 | N6: =IF(AND(INDEX($H$2:$H$25,MATCH("LL-003",$A$2:$A$25,0))="Done"),"Ready","Waiting on tasks") -> Waiting on tasks | P6: Obstacle prefabs damage the player once per valid contact and reset correctly. | Q6: Critical path | R6: Not Run | U6: Yes
A7: LL-006 | B7: Create spike wall prefab and variations | C7: E3 Obstacle Framework | D7: Must | E7: G1 | F7: 1 | G7: LL-005 | H7: Backlog | I7: Developer | J7: 6.5 | K7: 7.5 | M7: =IF(H7="Done",1,IF(H7="Review/Test",0.85,IF(H7="In Progress",0.5,0))) -> 0 | N7: =IF(AND(INDEX($H$2:$H$25,MATCH("LL-005",$A$2:$A$25,0))="Done"),"Ready","Waiting on tasks") -> Waiting on tasks | P7: Spike wall has a clearly readable safe corridor and configurable gap position and width. | Q7: MVP obstacle 1 | R7: Not Run | U7: Yes
A8: LL-007 | B8: Create moving blade prefab | C8: E3 Obstacle Framework | D8: Must | E8: G1 | F8: 1.5 | G8: LL-005 | H8: Backlog | I8: Claude Code | J8: 6.5 | K8: 8 | M8: =IF(H8="Done",1,IF(H8="Review/Test",0.85,IF(H8="In Progress",0.5,0))) -> 0 | N8: =IF(AND(INDEX($H$2:$H$25,MATCH("LL-005",$A$2:$A$25,0))="Done"),"Ready","Waiting on tasks") -> Waiting on tasks | P8: Blade moves horizontally with configurable speed and phase and remains visually readable. | Q8: MVP obstacle 2 | R8: Not Run | U8: No
A9: LL-008 | B9: Implement stage start, completion and sequence flow | C9: E4 Level Flow | D9: Must | E9: G2 | F9: 2 | G9: LL-004, LL-006 | H9: Backlog | I9: Developer | J9: 8 | K9: 10 | M9: =IF(H9="Done",1,IF(H9="Review/Test",0.85,IF(H9="In Progress",0.5,0))) -> 0 | N9: {=IF(AND(INDEX($H$2:$H$25,MATCH("LL-004",$A$2:$A$25,0))="Done",INDEX($H$2:$H$25,MATCH("LL-006",$A$2:$A$25,0))="Done"),"Ready","Waiting on tasks")} -> Waiting on tasks | P9: A stage starts, progresses automatically, completes once, and transitions without soft lock. | Q9: Critical path | R9: Not Run | U9: Yes
A10: LL-009 | B10: Create CostData ScriptableObject | C10: E5 Choice & Cost | D10: Must | E10: G2 | F10: 1 | G10: LL-008 | H10: Backlog | I10: Claude Code | J10: 10 | K10: 11 | M10: =IF(H10="Done",1,IF(H10="Review/Test",0.85,IF(H10="In Progress",0.5,0))) -> 0 | N10: {=IF(AND(INDEX($H$2:$H$25,MATCH("LL-008",$A$2:$A$25,0))="Done"),"Ready","Waiting on tasks")} -> Waiting on tasks | P10: An offer stores icon, short copy, benefit, cost or risk type, and value without scene-specific logic. | Q10: Stable public API | R10: Not Run | U10: Yes
A11: LL-010 | B11: Implement physical two-offer ChoiceGate | C11: E5 Choice & Cost | D11: Must | E11: G2 | F11: 2 | G11: LL-008, LL-009 | H11: Backlog | I11: Developer | J11: 11 | K11: 13 | M11: =IF(H11="Done",1,IF(H11="Review/Test",0.85,IF(H11="In Progress",0.5,0))) -> 0 | N11: {=IF(AND(INDEX($H$2:$H$25,MATCH("LL-008",$A$2:$A$25,0))="Done",INDEX($H$2:$H$25,MATCH("LL-009",$A$2:$A$25,0))="Done"),"Ready","Waiting on tasks")} -> Waiting on tasks | P11: Dragging into an altar selects exactly one offer, applies it once, and advances the flow. | Q11: No confirmation button | R11: Not Run | U11: Yes
A12: LL-011 | B12: Implement CostApplier and modifier caps | C12: E5 Choice & Cost | D12: Must | E12: G2 | F12: 2.5 | G12: LL-009, LL-010 | H12: Backlog | I12: Claude Code | J12: 13 | K12: 15.5 | M12: =IF(H12="Done",1,IF(H12="Review/Test",0.85,IF(H12="In Progress",0.5,0))) -> 0 | N12: {=IF(AND(INDEX($H$2:$H$25,MATCH("LL-009",$A$2:$A$25,0))="Done",INDEX($H$2:$H$25,MATCH("LL-010",$A$2:$A$25,0))="Done"),"Ready","Waiting on tasks")} -> Waiting on tasks | P12: At least one permanent cost visibly affects the next stage and all modifiers respect documented limits. | Q12: Blood, Light, Sight, Body | R12: Not Run | U12: Yes
A13: LL-012 | B13: Implement relic light resource | C13: E6 Relic & Endings | D13: Must | E13: G2 | F13: 1 | G13: LL-011 | H13: Backlog | I13: Developer | J13: 15 | K13: 16 | M13: =IF(H13="Done",1,IF(H13="Review/Test",0.85,IF(H13="In Progress",0.5,0))) -> 0 | N13: {=IF(AND(INDEX($H$2:$H$25,MATCH("LL-011",$A$2:$A$25,0))="Done"),"Ready","Waiting on tasks")} -> Waiting on tasks | P13: Light starts at 100%, updates through events, may reach 0%, and resets on restart. | Q13: Separate from health | R13: Not Run | U13: Yes
A14: LL-013 | B14: Implement ending resolver and outcome screen | C14: E6 Relic & Endings | D14: Must | E14: G3 | F14: 2 | G14: LL-012 | H14: Backlog | I14: Developer | J14: 16 | K14: 18 | M14: =IF(H14="Done",1,IF(H14="Review/Test",0.85,IF(H14="In Progress",0.5,0))) -> 0 | N14: {=IF(AND(INDEX($H$2:$H$25,MATCH("LL-012",$A$2:$A$25,0))="Done"),"Ready","Waiting on tasks")} -> Waiting on tasks | P14: At least two endings trigger correctly from remaining-light thresholds and show Retry. | Q14: Target 3, minimum 2 | R14: Not Run | U14: Yes
A15: LL-014 | B15: Assemble six fixed stage chunks | C15: E4 Level Flow | D15: Must | E15: G3 | F15: 4 | G15: LL-007, LL-008, LL-011 | H15: Backlog | I15: Claude Code | J15: 16 | K15: 20 | M15: =IF(H15="Done",1,IF(H15="Review/Test",0.85,IF(H15="In Progress",0.5,0))) -> 0 | N15: {=IF(AND(INDEX($H$2:$H$25,MATCH("LL-007",$A$2:$A$25,0))="Done",INDEX($H$2:$H$25,MATCH("LL-008",$A$2:$A$25,0))="Done",INDEX($H$2:$H$25,MATCH("LL-011",$A$2:$A$25,0))="Done"),"Ready","Waiting on tasks")} -> Waiting on tasks | P15: The game completes from opening through six stages to an ending in under five minutes. | Q15: Use placeholders first | R15: Not Run | U15: Yes
A16: LL-015 | B16: Create start screen and micro-tutorial | C16: E7 UX/UI | D16: Must | E16: G3 | F16: 1 | G16: LL-002 | H16: Backlog | I16: Developer | J16: 18 | K16: 19 | M16: =IF(H16="Done",1,IF(H16="Review/Test",0.85,IF(H16="In Progress",0.5,0))) -> 0 | N16: {=IF(AND(INDEX($H$2:$H$25,MATCH("LL-002",$A$2:$A$25,0))="Done"),"Ready","Waiting on tasks")} -> Waiting on tasks | P16: Tap starts the run and the drag hint disappears after first movement. | Q16: Short English copy | R16: Not Run | U16: Yes
A17: LL-016 | B17: Create HUD for health, stage and light | C17: E7 UX/UI | D17: Must | E17: G3 | F17: 1.5 | G17: LL-003, LL-012 | H17: Backlog | I17: Developer | J17: 19 | K17: 20.5 | M17: =IF(H17="Done",1,IF(H17="Review/Test",0.85,IF(H17="In Progress",0.5,0))) -> 0 | N17: {=IF(AND(INDEX($H$2:$H$25,MATCH("LL-003",$A$2:$A$25,0))="Done",INDEX($H$2:$H$25,MATCH("LL-012",$A$2:$A$25,0))="Done"),"Ready","Waiting on tasks")} -> Waiting on tasks | P17: HUD reflects health, current stage and light without containing game logic. | Q17: Safe area required | R17: Not Run | U17: Yes
A18: LL-017 | B18: Create concise decision cards | C18: E7 UX/UI | D18: Must | E18: G3 | F18: 1.5 | G18: LL-009, LL-010 | H18: Backlog | I18: Claude Code | J18: 20 | K18: 21.5 | M18: =IF(H18="Done",1,IF(H18="Review/Test",0.85,IF(H18="In Progress",0.5,0))) -> 0 | N18: {=IF(AND(INDEX($H$2:$H$25,MATCH("LL-009",$A$2:$A$25,0))="Done",INDEX($H$2:$H$25,MATCH("LL-010",$A$2:$A$25,0))="Done"),"Ready","Waiting on tasks")} -> Waiting on tasks | P18: Each card shows an icon, one benefit line, and Cost or Risk copy within roughly 8-12 words. | Q18: Readability gate | R18: Not Run | U18: Yes
A19: LL-018 | B19: Run first real-device input test | C19: E9 QA & Submission | D19: Must | E19: G4 | F19: 1 | G19: LL-002, LL-004 | H19: Backlog | I19: QA / Developer | J19: 28 | K19: 29 | M19: =IF(H19="Done",1,IF(H19="Review/Test",0.85,IF(H19="In Progress",0.5,0))) -> 0 | N19: {=IF(AND(INDEX($H$2:$H$25,MATCH("LL-002",$A$2:$A$25,0))="Done",INDEX($H$2:$H$25,MATCH("LL-004",$A$2:$A$25,0))="Done"),"Ready","Waiting on tasks")} -> Waiting on tasks | P19: Input, safe area and frame rate are acceptable on at least one Android device. | Q19: Mandatory early test | R19: Not Run | U19: Yes
A20: LL-019 | B20: Pass min-speed and max-body fairness matrix | C20: E9 QA & Submission | D20: Must | E20: G5 | F20: 1.5 | G20: LL-011, LL-014 | H20: Backlog | I20: QA / Claude Code | J20: 29 | K20: 30.5 | M20: =IF(H20="Done",1,IF(H20="Review/Test",0.85,IF(H20="In Progress",0.5,0))) -> 0 | N20: {=IF(AND(INDEX($H$2:$H$25,MATCH("LL-011",$A$2:$A$25,0))="Done",INDEX($H$2:$H$25,MATCH("LL-014",$A$2:$A$25,0))="Done"),"Ready","Waiting on tasks")} -> Waiting on tasks | P20: Every stage is passable at minimum allowed movement speed and maximum character size. | Q20: Block release if failed | R20: Not Run | U20: Yes
A21: LL-020 | B21: Replace critical placeholders with minimum pixel-art set | C21: E8 Art/Audio Polish | D21: Should | E21: G5 | F21: 4 | G21: G3 passed | H21: Backlog | I21: Art | J21: 28 | K21: 32 | M21: =IF(H21="Done",1,IF(H21="Review/Test",0.85,IF(H21="In Progress",0.5,0))) -> 0 | N21: {=IF(INDEX(Milestones!$J$2:$J$7,MATCH("G3",Milestones!$A$2:$A$7,0))="Passed","Ready","Waiting on gate")} -> Waiting on gate | P21: Traveller, light, two obstacles, altar and minimum ending visuals are readable and integrated. | Q21: Must not block critical path | R21: Not Run | U21: No
A22: LL-021 | B22: Add essential SFX and impact feedback | C22: E8 Art/Audio Polish | D22: Should | E22: G5 | F22: 1.5 | G22: G3 passed | H22: Backlog | I22: Audio / Developer | J22: 32 | K22: 33.5 | M22: =IF(H22="Done",1,IF(H22="Review/Test",0.85,IF(H22="In Progress",0.5,0))) -> 0 | N22: {=IF(INDEX(Milestones!$J$2:$J$7,MATCH("G3",Milestones!$A$2:$A$7,0))="Passed","Ready","Waiting on gate")} -> Waiting on gate | P22: Damage, cost selection and stage transition have clear feedback; shadow remains readable muted. | Q22: Music optional | R22: Not Run | U22: No
A23: LL-022 | B23: Run external playtest and decision review | C23: E9 QA & Submission | D23: Must | E23: G5 | F23: 1.5 | G23: G3 passed | H23: Backlog | I23: PM / QA | J23: 33.5 | K23: 35 | M23: =IF(H23="Done",1,IF(H23="Review/Test",0.85,IF(H23="In Progress",0.5,0))) -> 0 | N23: {=IF(INDEX(Milestones!$J$2:$J$7,MATCH("G3",Milestones!$A$2:$A$7,0))="Passed","Ready","Waiting on gate")} -> Waiting on gate | P23: Record control comprehension, cost clarity, fairness, run time and retry intent; convert findings into prioritized fixes. | Q23: 5-10 rapid tests | R23: Not Run | U23: Yes
A24: LL-023 | B24: Feature freeze and blocker-only pass | C24: E9 QA & Submission | D24: Must | E24: G6 | F24: 4 | G24: G5 passed | H24: Backlog | I24: Developer + QA | J24: 38 | K24: 42 | M24: =IF(H24="Done",1,IF(H24="Review/Test",0.85,IF(H24="In Progress",0.5,0))) -> 0 | N24: {=IF(INDEX(Milestones!$J$2:$J$7,MATCH("G5",Milestones!$A$2:$A$7,0))="Passed","Ready","Waiting on gate")} -> Waiting on gate | P24: Only blocker, build and readability fixes are accepted; zero blocker bugs remain. | Q24: Begins with 10 hours remaining | R24: Not Run | U24: Yes
A25: LL-024 | B25: Create final build and submission assets | C25: E9 QA & Submission | D25: Must | E25: G6 | F25: 3 | G25: LL-023 | H25: Backlog | I25: Developer + PM | J25: 42 | K25: 45 | M25: =IF(H25="Done",1,IF(H25="Review/Test",0.85,IF(H25="In Progress",0.5,0))) -> 0 | N25: {=IF(AND(INDEX($H$2:$H$25,MATCH("LL-023",$A$2:$A$25,0))="Done"),"Ready","Waiting on tasks")} -> Waiting on tasks | P25: Final build, controls, description, screenshots and submission page are complete and smoke-tested. | Q25: Primary Android unless rules require WebGL | R25: Not Run | U25: Yes

Sheet Milestones
A1: Gate | B1: Name | C1: Target Hour | D1: Pass Condition | E1: PM Rule | F1: Tasks | G1: Planned h | H1: Done h | I1: Progress | J1: Gate Status | K1: Owner | L1: Evidence / Notes
A2: G1 | B2: Core playable | C2: 8 | D2: Character moves, takes damage, dies and restarts. | E2: Proceed only when restart is stable. | F2: LL-001 to LL-007 | G2: =SUMIF(Backlog!$E$2:$E$25,A2,Backlog!$F$2:$F$25) -> 10.5 | H2: =SUMIFS(Backlog!$F$2:$F$25,Backlog!$E$2:$E$25,A2,Backlog!$H$2:$H$25,"Done") -> 0 | I2: =IFERROR(H2/G2,0) -> 0 | J2: =IF(I2=1,"Passed",IF(Dashboard!$B$6>C2,"At Risk",IF(I2>0,"In Progress","Not Started"))) -> Not Started | K2: PM / Lead
A3: G2 | B3: Theme playable | C3: 16 | D3: Two decisions exist and one permanent cost is felt in the next stage. | E3: Vertical slice must validate the theme. | F3: LL-008 to LL-012 | G3: =SUMIF(Backlog!$E$2:$E$25,A3,Backlog!$F$2:$F$25) -> 8.5 | H3: =SUMIFS(Backlog!$F$2:$F$25,Backlog!$E$2:$E$25,A3,Backlog!$H$2:$H$25,"Done") -> 0 | I3: =IFERROR(H3/G3,0) -> 0 | J3: =IF(I3=1,"Passed",IF(Dashboard!$B$6>C3,"At Risk",IF(I3>0,"In Progress","Not Started"))) -> Not Started | K3: PM / Lead
A4: G3 | B4: End-to-end | C4: 28 | D4: Six stages complete from opening to ending. | E4: Cut optional systems if this gate slips. | F4: LL-013 to LL-017 | G4: =SUMIF(Backlog!$E$2:$E$25,A4,Backlog!$F$2:$F$25) -> 10 | H4: =SUMIFS(Backlog!$F$2:$F$25,Backlog!$E$2:$E$25,A4,Backlog!$H$2:$H$25,"Done") -> 0 | I4: =IFERROR(H4/G4,0) -> 0 | J4: =IF(I4=1,"Passed",IF(Dashboard!$B$6>C4,"At Risk",IF(I4>0,"In Progress","Not Started"))) -> Not Started | K4: PM / Lead
A5: G4 | B5: Mobile usable | C5: 32 | D5: Input, safe area and performance pass on a real device. | E5: Blocking mobile gate. | F5: LL-018 | G5: =SUMIF(Backlog!$E$2:$E$25,A5,Backlog!$F$2:$F$25) -> 1 | H5: =SUMIFS(Backlog!$F$2:$F$25,Backlog!$E$2:$E$25,A5,Backlog!$H$2:$H$25,"Done") -> 0 | I5: =IFERROR(H5/G5,0) -> 0 | J5: =IF(I5=1,"Passed",IF(Dashboard!$B$6>C5,"At Risk",IF(I5>0,"In Progress","Not Started"))) -> Not Started | K5: PM / Lead
A6: G5 | B6: Content complete | C6: 38 | D6: Two obstacles, four costs/risks, two endings and essential UI are complete. | E6: Start feature freeze after this gate. | F6: LL-019 to LL-022 | G6: =SUMIF(Backlog!$E$2:$E$25,A6,Backlog!$F$2:$F$25) -> 8.5 | H6: =SUMIFS(Backlog!$F$2:$F$25,Backlog!$E$2:$E$25,A6,Backlog!$H$2:$H$25,"Done") -> 0 | I6: =IFERROR(H6/G6,0) -> 0 | J6: =IF(I6=1,"Passed",IF(Dashboard!$B$6>C6,"At Risk",IF(I6>0,"In Progress","Not Started"))) -> Not Started | K6: PM / Lead
A7: G6 | B7: Submission ready | C7: 48 | D7: No blockers; build, description, screenshots and controls are ready. | E7: Ship stable over ambitious. | F7: LL-023 to LL-024 | G7: =SUMIF(Backlog!$E$2:$E$25,A7,Backlog!$F$2:$F$25) -> 7 | H7: =SUMIFS(Backlog!$F$2:$F$25,Backlog!$E$2:$E$25,A7,Backlog!$H$2:$H$25,"Done") -> 0 | I7: =IFERROR(H7/G7,0) -> 0 | J7: =IF(I7=1,"Passed",IF(Dashboard!$B$6>C7,"At Risk",IF(I7>0,"In Progress","Not Started"))) -> Not Started | K7: PM / Lead

Sheet 48h Plan
A1: 48-Hour Delivery Plan & Proposed Parallel Schedule
A4: Start | B4: End | C4: Goal | D4: Tasks | E4: Allowed Work | F4: Cut Trigger | G4: Gate
A5: 0 | B5: 8 | C5: Core playable | D5: LL-001 to LL-007 | E5: Control, survival, two obstacles | F5: No polish before restart is stable | G5: G1
A6: 8 | B6: 16 | C6: Theme vertical slice | D6: LL-008 to LL-012 | E6: Stage flow, choice, first costs, light | F6: Use placeholder UI and art | G6: G2
A7: 16 | B7: 28 | C7: End-to-end run | D7: LL-013 to LL-017 | E7: Six stages, ending, essential UX | F7: Cut third obstacle and variation | G7: G3
A8: 28 | B8: 38 | C8: Mobile, content and playtest | D8: LL-018 to LL-022 | E8: Device fixes, fairness, minimum art/audio | F8: Cut music layers and extra endings | G8: G4 / G5
A9: 38 | B9: 48 | C9: Feature freeze | D9: LL-023 to LL-024 | E9: Blocker, build and readability fixes only | F9: No new systems | G9: G6
H10: Gantt — 2-hour buckets
A11: ID | B11: Task | C11: Owner | D11: Start h | E11: End h | F11: Duration | G11: Gate | H11: 0 | I11: 2 | J11: 4 | K11: 6 | L11: 8 | M11: 10 | N11: 12 | O11: 14 | P11: 16 | Q11: 18 | R11: 20 | S11: 22 | T11: 24 | U11: 26 | V11: 28 | W11: 30 | X11: 32 | Y11: 34 | Z11: 36 | AA11: 38 | AB11: 40 | AC11: 42 | AD11: 44 | AE11: 46 | AF11: 48
A12: LL-001 | B12: Create portrait project baseline and Pixel Perfect camera | C12: Developer | D12: 0 | E12: 1 | F12: 1 | G12: G1
A13: LL-002 | B13: Implement touch and mouse horizontal drag movement | C13: Developer | D13: 1 | E13: 3 | F13: 2 | G13: G1
A14: LL-003 | B14: Implement health, damage and invulnerability | C14: Developer | D14: 3 | E14: 5 | F14: 2 | G14: G1
A15: LL-004 | B15: Implement death and fast restart | C15: Developer | D15: 5 | E15: 6.5 | F15: 1.5 | G15: G1
A16: LL-005 | B16: Build reusable obstacle base and collision setup | C16: Claude Code | D16: 5 | E16: 6.5 | F16: 1.5 | G16: G1
A17: LL-006 | B17: Create spike wall prefab and variations | C17: Developer | D17: 6.5 | E17: 7.5 | F17: 1 | G17: G1
A18: LL-007 | B18: Create moving blade prefab | C18: Claude Code | D18: 6.5 | E18: 8 | F18: 1.5 | G18: G1
A19: LL-008 | B19: Implement stage start, completion and sequence flow | C19: Developer | D19: 8 | E19: 10 | F19: 2 | G19: G2
A20: LL-009 | B20: Create CostData ScriptableObject | C20: Claude Code | D20: 10 | E20: 11 | F20: 1 | G20: G2
A21: LL-010 | B21: Implement physical two-offer ChoiceGate | C21: Developer | D21: 11 | E21: 13 | F21: 2 | G21: G2
A22: LL-011 | B22: Implement CostApplier and modifier caps | C22: Claude Code | D22: 13 | E22: 15.5 | F22: 2.5 | G22: G2
A23: LL-012 | B23: Implement relic light resource | C23: Developer | D23: 15 | E23: 16 | F23: 1 | G23: G2
... A35: LL-024 | B35: Create final build and submission assets | C35: Developer + PM | D35: 42 | E35: 45 | F35: 3 | G35: G6

Sheet QA Matrix
A1: Test ID | B1: Type | C1: System | D1: Scenario / Requirement | E1: Expected Result | F1: Gate | G1: Device / Mode | H1: Severity | I1: Owner | J1: Status | K1: Evidence / Notes
A2: T-001 | B2: Task Acceptance | C2: E1 Core Controller | D2: Create portrait project baseline and Pixel Perfect camera | E2: Scene runs at 9:16 reference resolution with correct camera framing and no Console errors. | F2: G1 | G2: Unity Play Mode | H2: Blocker | I2: Developer | J2: Not Run
A3: T-002 | B3: Task Acceptance | C3: E1 Core Controller | D3: Implement touch and mouse horizontal drag movement | E3: A first-time player can move left and right within 10 seconds using mouse or one finger. | F3: G1 | G3: Unity Play Mode | H3: Blocker | I3: Developer | J3: Not Run
A4: T-003 | B4: Task Acceptance | C4: E2 Survival Loop | D4: Implement health, damage and invulnerability | E4: Obstacle contact removes one health and repeated contact is blocked for 0.8-1.0 seconds. | F4: G1 | G4: Unity Play Mode | H4: Blocker | I4: Developer | J4: Not Run
A5: T-004 | B5: Task Acceptance | C5: E2 Survival Loop | D5: Implement death and fast restart | E5: At zero health the run ends and a new run begins within five seconds with all state reset. | F5: G1 | G5: Unity Play Mode | H5: Blocker | I5: Developer | J5: Not Run
A6: T-005 | B6: Task Acceptance | C6: E3 Obstacle Framework | D6: Build reusable obstacle base and collision setup | E6: Obstacle prefabs damage the player once per valid contact and reset correctly. | F6: G1 | G6: Unity Play Mode | H6: Blocker | I6: Claude Code | J6: Not Run
A7: T-006 | B7: Task Acceptance | C7: E3 Obstacle Framework | D7: Create spike wall prefab and variations | E7: Spike wall has a clearly readable safe corridor and configurable gap position and width. | F7: G1 | G7: Unity Play Mode | H7: Blocker | I7: Developer | J7: Not Run
A8: T-007 | B8: Task Acceptance | C8: E3 Obstacle Framework | D8: Create moving blade prefab | E8: Blade moves horizontally with configurable speed and phase and remains visually readable. | F8: G1 | G8: Unity Play Mode | H8: Blocker | I8: Claude Code | J8: Not Run
A9: T-008 | B9: Task Acceptance | C9: E4 Level Flow | D9: Implement stage start, completion and sequence flow | E9: A stage starts, progresses automatically, completes once, and transitions without soft lock. | F9: G2 | G9: Unity Play Mode | H9: Blocker | I9: Developer | J9: Not Run
A10: T-009 | B10: Task Acceptance | C10: E5 Choice & Cost | D10: Create CostData ScriptableObject | E10: An offer stores icon, short copy, benefit, cost or risk type, and value without scene-specific logic. | F10: G2 | G10: Unity Play Mode | H10: Blocker | I10: Claude Code | J10: Not Run
A11: T-010 | B11: Task Acceptance | C11: E5 Choice & Cost | D11: Implement physical two-offer ChoiceGate | E11: Dragging into an altar selects exactly one offer, applies it once, and advances the flow. | F11: G2 | G11: Unity Play Mode | H11: Blocker | I11: Developer | J11: Not Run
A12: T-011 | B12: Task Acceptance | C12: E5 Choice & Cost | D12: Implement CostApplier and modifier caps | E12: At least one permanent cost visibly affects the next stage and all modifiers respect documented limits. | F12: G2 | G12: Unity Play Mode | H12: Blocker | I12: Claude Code | J12: Not Run
A13: T-012 | B13: Task Acceptance | C13: E6 Relic & Endings | D13: Implement relic light resource | E13: Light starts at 100%, updates through events, may reach 0%, and resets on restart. | F13: G2 | G13: Unity Play Mode | H13: Blocker | I13: Developer | J13: Not Run
... A35: T-034 | B35: Submission | C35: Build | D35: Fresh install final package and follow listed controls | E35: Launch, play, retry and exit work; screenshots/description match build | F35: G6 | G35: Target platform | H35: Blocker | I35: PM / QA | J35: Not Run

Sheet Risks & Decisions
A1: Decisions, Risks and Scope Guardrails
A4: Decision ID | B4: Area | C4: Decision | D4: Status | E4: Source | F4: Owner | G4: Review Gate | H4: Notes
A5: D-01 | B5: Scope | C5: No feature is added unless another feature is removed. | D5: Accepted | E5: DECISIONS.md | F5: PM | G5: All | H5: Locked scope rule
A6: D-02 | B6: Build | C6: Android by default; switch to WebGL only if jam rules require it. | D6: Pending | E6: DECISIONS.md | F6: PM | G6: G1 | H6: Confirm jam submission rules immediately
A7: D-03 | B7: Language | C7: Use icon-heavy short English copy. | D7: Accepted | E7: DECISIONS.md | F7: Design | G7: G3 | H7: Protect mobile readability
A8: D-04 | B8: Endings | C8: Three target, two minimum; decide after G3. | D8: Pending | E8: DECISIONS.md | F8: PM / Design | G8: G3 | H8: Cut third ending if gate slips
A9: D-05 | B9: Core Loop | C9: Auto-run, horizontal drag, avoidance, end-stage choice, permanent sacrifice. | D9: Locked | E9: DECISIONS.md | F9: Lead | G9: All | H9: Protected pillar
A10: D-06 | B10: Resources | C10: Health and relic light are separate resources. | D10: Locked | E10: DECISIONS.md | F10: Lead | G10: G2 | H10: Do not merge into one meter
A11: D-07 | B11: Run Structure | C11: Six short fixed stages; total run 3–5 minutes. | D11: Locked | E11: DECISIONS.md | F11: Lead | G11: G3 | H11: No procedural stage generation
A12: D-08 | B12: Freeze | C12: Feature freeze at Hour 38; blockers/build/readability only. | D12: Locked | E12: DECISIONS.md | F12: PM | G12: G5 | H12: No new systems
A13: D-09 | B13: Architecture | C13: One scene + stage prefabs + immutable ScriptableObject config + mutable RunState. | D13: Proposed | E13: Architecture sheet | F13: Developer | G13: G1/G2 | H13: Accept before implementation spreads
A14: D-10 | B14: Modifier Caps | C14: All Blood/Light/Sight/Body effects route through one capped ModifierStack. | D14: Proposed | E14: Architecture sheet | F14: Developer | G14: G2 | H14: Prevents impossible combinations
A17: Risk ID | B17: Risk | C17: Category | D17: Likelihood | E17: Impact | F17: Score | G17: Trigger | H17: Mitigation / Response | I17: Owner | J17: Status | K17: Linked Gate
A18: R-01 | B18: Scope growth | C18: Product | D18: 3 | E18: 3 | F18: =D18*E18 -> 9 | G18: Any new feature request | H18: Move to Parking Lot unless it explicitly replaces existing scope. | I18: PM | J18: Open | K18: All
A19: R-02 | B19: Mobile input feel | C19: Technical | D19: 2 | E19: 3 | F19: =D19*E19 -> 6 | G19: Drag feels laggy or imprecise on device | H19: Run early real-device test; tune smoothing and bounds before polish. | I19: Developer | J19: Open | K19: G4
A20: R-03 | B20: Impossible cost combinations | C20: Design / Technical | D20: 2 | E20: 3 | F20: =D20*E20 -> 6 | G20: Any stage fails min-speed/max-body matrix | H20: Central caps; test every stage at worst-case modifier combination. | I20: Developer / QA | J20: Open | K20: G5
A21: R-04 | B21: Insufficient schedule buffer | C21: Delivery | D21: 3 | E21: 3 | F21: =D21*E21 -> 9 | G21: Gate slips by >1 hour | H21: Cut Should tasks and third ending; preserve QA and build time. | I21: PM | J21: Open | K21: All
A22: R-05 | B22: Restart state leakage | C22: Technical | D22: 2 | E22: 3 | F22: =D22*E22 -> 6 | G22: Second run differs due to stale events/modifiers | H22: Fresh RunState; explicit reset contract; 10-restart soak test. | I22: Developer | J22: Open | K22: G1/G3
A23: R-06 | B23: Stage transition soft lock | C23: Technical | D23: 2 | E23: 3 | F23: =D23*E23 -> 6 | G23: Completion or choice fires twice / never fires | H23: Single RunController phase authority; idempotent completion guards. | I23: Developer | J23: Open | K23: G2/G3
A24: R-07 | B24: Late Android build failure | C24: Build | D24: 2 | E24: 3 | F24: =D24*E24 -> 6 | G24: No installable device build by Hour 28 | H24: Create first development build at G3 and smoke test immediately. | I24: Developer | J24: Open | K24: G4/G6
A25: R-08 | B25: Mobile readability failure | C25: UX | D25: 2 | E25: 3 | F25: =D25*E25 -> 6 | G25: Choices or hazards unclear at device size | H25: Safe-area UI; icon-first cards; muted/low-brightness readability test. | I25: Design / QA | J25: Open | K25: G3/G5
A29: Explicitly Out of Scope | B29: Reason | C29: Disposition
A30: Combat | B30: Not required for protected MVP | C30: Parking Lot / reject
A31: Procedural generation | B31: Not required for protected MVP | C31: Parking Lot / reject
A32: Inventory systems | B32: Not required for protected MVP | C32: Parking Lot / reject
A33: Dialogue trees | B33: Not required for protected MVP | C33: Parking Lot / reject
A34: Multiple character classes | B34: Not required for protected MVP | C34: Parking Lot / reject
A35: Online features | B35: Not required for protected MVP | C35: Parking Lot / reject
A36: Complex meta-progression | B36: Not required for protected MVP | C36: Parking Lot / reject
A37: Any feature that delays the critical path | B37: Not required for protected MVP | C37: Parking Lot / reject

Sheet Content & Tuning
A1: Content Blueprint & Tuning Guardrails
A3: Source-backed values are marked Locked/Accepted. Proposed tuning values are starting points and must be confirmed through the G4/G5 device and fairness tests.
A5: Parameter | B5: Value | C5: Status | D5: Source | E5: Validation
A6: Reference aspect | B6: 9:16 portrait | C6: Accepted | D6: LL-001 / product pillar | E6: Real-device safe-area pass
A7: Start health | B7: 3 | C7: Accepted | D7: LL-003 | E7: Damage and restart tests
A8: Invulnerability | B8: 0.8–1.0 s | C8: Accepted | D8: LL-003 | E8: Repeated-contact test
A9: Relic light start | B9: 100 | C9: Accepted | D9: LL-012 | E9: Clamp and reset test
A10: Stage count | B10: 6 | C10: Locked | D10: DECISIONS.md | E10: End-to-end gate
A11: Run duration | B11: 3–5 min | C11: Locked | D11: DECISIONS.md | E11: Three full-run measurements
A12: Offers per gate | B12: 2 | C12: Accepted | D12: LL-010 | E12: Single-selection test
A13: Ending count | B13: 2 minimum / 3 target | C13: Pending | D13: DECISIONS.md | E13: Decision after G3
A14: Movement speed floor | B14: 70% of baseline | C14: Proposed | D14: Senior-dev planning | E14: Fairness matrix
A15: Body scale ceiling | B15: 125% of baseline | C15: Proposed | D15: Senior-dev planning | E15: Fairness matrix
A16: Max-health floor | B16: 1 | C16: Proposed | D16: Senior-dev planning | E16: Cost-combination test
A17: Sight visibility floor | B17: 65% useful playfield | C17: Proposed | D17: Senior-dev planning | E17: Mobile readability test
A20: Stage | B20: Purpose | C20: Primary Hazard | D20: Secondary Pressure | E20: Choice After Stage? | F20: Target Duration | G20: Tuning Focus | H20: Exit Criteria
A21: 1 | B21: Teach drag and safe corridor | C21: Spike wall | D21: None / generous gap | E21: Yes | F21: 25–35 s | G21: Control comprehension | H21: Player reaches gate without text-heavy tutorial
A22: 2 | B22: Teach blade timing | C22: Moving blade | D22: Wide corridor | E22: Yes | F22: 25–35 s | G22: Readable timing | H22: Player understands moving hazard
A23: 3 | B23: Combine learned hazards | C23: Spike + blade | D23: First permanent cost active | E23: Yes | F23: 30–40 s | G23: Cost is visibly felt | H23: No unfair overlap
A24: 4 | B24: Raise tempo | C24: Alternating corridors | D24: Faster blade phase | E24: Yes | F24: 30–40 s | G24: Speed/body cap safety | H24: Passable at worst movement modifier
A25: 5 | B25: Decision consequence peak | C25: Mixed fixed pattern | D25: Reduced sight or light pressure | E25: Yes | F25: 35–45 s | G25: Readability under costs | H25: Fairness matrix passes
A26: 6 | B26: Final gauntlet and resolve | C26: Best two patterns | D26: No new mechanics | E26: No — resolve ending | F26: 35–50 s | G26: Climax without novelty | H26: Ending triggers and Retry is shown
A29: Cost Type | B29: Runtime Variable | C29: Example Cost | D29: Hard Cap | E29: Example Benefit | F29: Implementation | G29: Player Feedback | H29: QA Boundary | I29: Status | J29: Owner | K29: Notes
A30: Blood | B30: Max/current health | C30: -1 max health | D30: Minimum 1 | E30: Wider safe corridor in next stage | F30: ModifierStack + PlayerHealth refresh | G30: Heart cracks / red flash | H30: Apply repeatedly to floor | I30: Proposed | J30: Design / Dev | K30: Keep separate from relic light
A31: Light | B31: Relic light | C31: -15 to -25 light | D31: Clamp 0–100 | E31: Remove one hazard or slow stage pressure | F31: RelicLight.ChangeLight | G31: Relic dims; HUD pulse | H31: 0, threshold−1, threshold, threshold+1 | I31: Proposed | J31: Design / Dev | K31: Light can reach 0
A32: Sight | B32: Visibility mask | C32: Reduce useful view area | D32: Minimum 65% useful playfield | E32: Reveal safe lane earlier / simplify pattern | F32: SightPresenter reads ModifierStack | G32: Vignette closes gradually | H32: Lowest sight on smallest device | I32: Proposed | J32: Design / Art | K32: Never hide critical collision cues
A33: Body | B33: Move speed or body scale | C33: -10% speed or +10% size | D33: Speed ≥70%; scale ≤125% | E33: Slower obstacle / wider gap | F33: PlayerMotor + visual scale from one modifier | G33: Silhouette grows / motion changes | H33: Min speed + max body on every stage | I33: Proposed | J33: Design / Dev | K33: Avoid applying both speed and size in one offer

Sheet Read Me
A1: How to Use This Planning Workbook
A4: Area | B4: Instructions | F4: Planning Assumptions
A5: Dashboard | B5: Update Elapsed jam hours. KPIs and gate health recalculate from Backlog and Milestones. | F5: • Unity 2D is inferred from Pixel Perfect camera and Unity Play Mode requirements. • The schedule uses parallel Developer / Claude Code / Art / QA lanes because G1 contains 10.5 estimated hours but targets Hour 8. • Technical architecture, stage blueprint and modifier caps are senior-developer proposals; confirm them at the stated review gates. • No new gameplay system should be introduced after Hour 38.
A6: Backlog | B6: Change Status, Owner, Actual h, Blocker, Test Result, Changed Files and Last Update. Do not start work unless Dependency State is Ready.
A7: Architecture | B7: Accept or adjust proposed architecture decisions before G1/G2. Keep the system intentionally small.
A8: Milestones | B8: A gate passes only when all linked tasks are Done and the pass condition has evidence.
A9: 48h Plan | B9: Use the proposed parallel lanes as a starting point. Preserve Hour 38 feature freeze and final build buffer.
A10: QA Matrix | B10: Every task has a matching acceptance test plus cross-system, mobile, fairness and submission tests.
A11: Risks & Decisions | B11: Resolve pending build target immediately and ending count after G3. Review high risk scores daily.
A12: Content & Tuning | B12: Proposed modifier caps are hypotheses, not facts; confirm through device/fairness testing.
A13: Status Workflow | B13: Backlog → Ready → In Progress → Review/Test → Done. A task is not Done until tested.
A14: Scope Rule | B14: No feature is added unless another feature is removed.
A17: Source File | B17: Purpose | C17: Authority | D17: Notes
A18: DECISIONS.md | B18: Locked product decisions, risks and out-of-scope list | C18: High | D18: Read first
A19: ROADMAP.md | B19: 48-hour phases, milestone gates and critical path | C19: High | D19: Gate timing source
A20: TASKS.md | B20: Authoritative implementation queue and acceptance criteria | C20: Highest | D20: Status source of truth
A21: Last_Light_Project_Plan.pdf | B21: Human-readable consolidated production plan | C21: Reference | D21: Visually verified: 7 pages
A22: README.md | B22: Package usage instructions | C22: Reference | D22: Claude Code sequencing instructions
